divesite,country,region,location,X,Y
Ao Khai Koh Chan,Thailand,Gulf of Thailand,Eastern Gulf,12.51705406,100.9705295
Three Trees,Thailand,Andaman Sea,Koh Similan,8.67483,97.6469
Talang,Thailand,Andaman Sea,Koh Lipe and the Butang Islands,6.489237126,99.332757
Lighthouse Pinnacle,Thailand,Gulf of Thailand,Koh Tao,10.12089317,99.84523207
Racha Noi Bay,Thailand,Koh Phuket,Racha Islands,7.466028175,98.30942988
King Kong Rock,Thailand,Gulf of Thailand,Koh Tao,10.07317605,99.84782011
Marista Rock,Thailand,Koh Phuket,Racha Islands,7.50255,98.31816667
Hin Luk Bat ,Thailand,Gulf of Thailand,Koh Chang,11.96073862,102.3012543
Hin Kuak Ma,Thailand,Gulf of Thailand,Koh Chang,11.78065311,102.4111176
Malone Wall,Thailand,Andaman Sea,Koh Phi Phi,7.685416667,98.76256667
Racha Yai Wreck,Thailand,Koh Phuket,Racha Islands,7.608072222,98.37831667
HTMS Sattakut,Thailand,Gulf of Thailand,Koh Tao,10.10555556,99.81361111
Tuna wreck,Thailand,Andaman Sea,Koh Similan,8.56675,97.64644444
Num Chai Bay,Thailand,Andaman Sea,Koh Similan,8.675554458,97.64622688
Anemone Life,Thailand,Gulf of Thailand,Koh Chang,11.70661909,102.5313663
Koh Raet,Thailand,Gulf of Thailand,Koh Chang,11.68281222,102.5240922
Koh Maphring,Thailand,Gulf of Thailand,Koh Chang,11.78699676,102.3955822
Three fingers life,Thailand,Gulf of Thailand,Eastern Gulf,11.79031556,102.3967838
Ao Sane,Thailand,Andaman Sea,Koh Phuket,7.777637273,98.29709172
Maritus Rock,Thailand,Andaman Sea,Koh Phuket,7.735199617,98.29542875
Buddha Rock,Thailand,Gulf of Thailand,Koh Tao,10.06018333,99.827625
Hin Dot,Thailand,Andaman Sea,Koh Phi Phi,7.712012309,98.77859116
Yong Hua Wreck,Thailand,Andaman Sea,Koh Lipe and the Butang Islands,6.483885729,99.28336143
Jabang,Thailand,Andaman Sea,Koh Lipe and the Butang Islands,6.513520242,99.27117348
Adang corner,Thailand,Andaman Sea,Koh Lipe and the Butang Islands,6.578070509,99.27700996
Koh Yang,Thailand,Andaman Sea,Koh Lipe and the Butang Islands,6.540296399,99.26138878
Bird Rock,Thailand,Andaman Sea,Koh Similan,8.557766155,97.63678551
Batfish Bend,Thailand,Andaman Sea,Koh Similan,8.682257441,97.64983177
Koh Sarang,Thailand,Andaman Sea,Koh Lipe and the Butang Islands,6.492371185,99.17766094
Koh Pung,Thailand,Andaman Sea,Koh Lipe and the Butang Islands,6.540658805,99.16540861
Ko Bon North Point,Thailand,Andaman Sea,Koh Surin,8.827063382,97.80235291
Koh Tachai The Dome,Thailand,Andaman Sea,Koh Surin,9.060651635,97.81376839
Ko Haa  4,Thailand,Andaman Sea,Koh Lanta,7.429,98.89696667
Ko Haa  2,Thailand,Andaman Sea,Koh Lanta,7.43065,98.89793333
Ko Haa  3 - Lagoon,Thailand,Andaman Sea,Koh Lanta,7.430416667,98.89655
Ko Haa Nua  1 - The Chimney,Thailand,Andaman Sea,Koh Lanta,7.4344,98.89855
Mae Haad,Thailand,Gulf of Thailand,Koh Samui,9.793689962,99.97777462
Koh Tae Nai,Thailand,Gulf of Thailand,Koh Samui,9.707851498,99.97140169
Kong Yai,Thailand,Gulf of Thailand,Koh Samui,9.802845604,100.0158834
Koh Tae Nok,Thailand,Gulf of Thailand,Koh Samui,9.704319361,99.94674683
Haad Yao,Thailand,Gulf of Thailand,Koh Samui,9.775483651,99.96461034
Haad Salad,Thailand,Gulf of Thailand,Koh Samui,9.786733197,99.97092962
Home Run Reef,Thailand,Koh Phuket,Racha Islands,7.609722222,98.37972222
Stonehenge,Thailand,Andaman Sea,Koh Lipe and the Butang Islands,6.481455195,99.33460236
Koh Rang,Thailand,Gulf of Thailand,Koh Chang,11.80555556,102.3911111
Cheow Lan Lake,Thailand,,Gulf of Thailand,9.011388889,98.71
Anita s reef,Thailand,Andaman Sea,Koh Similan,8.571666667,97.64722222
West of Eden,Thailand,Andaman Sea,Koh Similan,8.591111111,97.635
Waterfall wall,Thailand,Koh Phuket,Racha Islands,7.590282107,98.36557388
Honeymoon Bay,Thailand,Andaman Sea,Koh Similan,8.565319962,97.63978958
HTMS Kut,Thailand,Gulf of Thailand,Eastern Gulf,12.95166667,100.8016667
Koh Man Wichai,Thailand,Gulf of Thailand,Eastern Gulf,12.89222222,100.7311111
Banana Bay,Thailand,Koh Phuket,Racha Islands,7.500855198,98.32622051
Aow Leuk,Thailand,Gulf of Thailand,Koh Tao,10.07129065,99.84072447
Three Rocks,Thailand,Gulf of Thailand,Koh Tao,10.08303707,99.81679916
Koh Bida Nai,Thailand,Andaman Sea,Koh Phi Phi,7.65778669,98.76777649
Ashitol Bay,Thailand,Koh Phuket,Racha Islands,7.514683115,98.32533002
Crab Island,Thailand,Andaman Sea,Koh Phuket,7.819719877,98.28545094
Karon Beach,Thailand,Andaman Sea,Koh Phuket,7.828823576,98.29219401
Laem Thian,Thailand,Gulf of Thailand,Koh Tao,10.09140296,99.85516548
Tanote Bay,Thailand,Gulf of Thailand,Koh Tao,10.08422014,99.84855652
Green Rock,Thailand,Gulf of Thailand,Koh Tao,10.12866655,99.81190681
Hin pee wee,Thailand,Gulf of Thailand,Koh Tao,10.10957056,99.8015213
Palong Wall,Thailand,Andaman Sea,Koh Phi Phi,7.696574662,98.76408577
Koh Ma,Thailand,Gulf of Thailand,Koh Samui,9.8034,99.97708333
White Rock,Thailand,Gulf of Thailand,Koh Tao,10.10883333,99.81453333
Koh Mai Si Lek,Thailand,Gulf of Thailand,Koh Chang,11.71446667,102.5100833
HTMS Thonburi Wreck,Thailand,Gulf of Thailand,Koh Chang,11.94925,102.4243167
Koh Talu,Thailand,Gulf of Thailand,Chumphon,11.07956667,99.55385
Koh Ran,Thailand,Gulf of Thailand,Chumphon,10.77935,99.53095
Koh Ran Gai,Thailand,Gulf of Thailand,Chumphon,10.7982,99.53968333
Koh Lak Ngam,Thailand,Gulf of Thailand,Chumphon,10.46003333,99.40253333
Koh Ngam Noi,Thailand,Gulf of Thailand,Chumphon,10.487,99.41961667
Koh Ngam Yai,Thailand,Gulf of Thailand,Chumphon,10.50203333,99.4234
Japanese Garden,Thailand,Gulf of Thailand,Koh Tao,10.1191187,99.81585503
Twins,Thailand,Gulf of Thailand,Koh Tao,10.11725979,99.81173515
Nang Yuan Pinnacle,Thailand,Gulf of Thailand,Koh Tao,10.12317446,99.81482506
Mango Bay,Thailand,Gulf of Thailand,Koh Tao,10.12182254,99.83499527
Hin Wong Pinnacle,Thailand,Gulf of Thailand,Koh Tao,10.10213464,99.85344887
Shark Island,Thailand,Gulf of Thailand,Koh Tao,10.06199463,99.84529495
Sai Ree Beach,Thailand,Gulf of Thailand,Koh Tao,10.09376903,99.82349396
Ko Torinla West,Thailand,Andaman Sea,Koh Surin,9.368366667,97.86056667
Ko Torinla East,Thailand,Andaman Sea,Koh Surin,9.36675,97.87021667
Hin Pratumba,Thailand,Andaman Sea,Koh Surin,9.428016667,97.82953333
Hin Kop,Thailand,Andaman Sea,Koh Surin,9.474766667,97.87046667
Koh Chi,Thailand,Andaman Sea,Koh Surin,9.472598207,97.90595055
Hin Gong,Thailand,Andaman Sea,Koh Surin,9.396988224,97.89565086
Snapper Alley,Thailand,Andaman Sea,Koh Similan,8.674196877,97.65249252
Breakfast Bend,Thailand,Andaman Sea,Koh Similan,8.678778692,97.65275002
Waterfall Bay,Thailand,Andaman Sea,Koh Similan,8.66248754,97.63807297
South West Rock,Thailand,Gulf of Thailand,Koh Tao,9.994566667,99.77876667
Chumphon Pinnacle,Thailand,Gulf of Thailand,Koh Tao,10.17148333,99.77835
SS Suddhadib,Thailand,Gulf of Thailand,Eastern Gulf,12.53311012,100.9563035
ChristmasPoint,Thailand,Andaman Sea,Koh Similan,8.680815037,97.63721466
Bon Soong Wreck,Thailand,Andaman Sea,Koh Surin,8.773796284,98.16318512
Turtle Rock,Thailand,Andaman Sea,Koh Similan,8.663583333,97.63768333
Beacon Beach,Thailand,Andaman Sea,Koh Similan,8.64805,97.64918333
Beacon Point,Thailand,Andaman Sea,Koh Similan,8.6305,97.6532
Deep Six,Thailand,Andaman Sea,Koh Similan,8.599966667,97.63466667
East of Eden,Thailand,Andaman Sea,Koh Similan,8.588298739,97.64073372
Koh Ngai,Thailand,Andaman Sea,Koh Lanta,7.394982674,99.20001984
Koh Kraden Wreck,Thailand,Andaman Sea,Koh Lanta,7.29368213,99.25031662
Hin Daeng,Thailand,Andaman Sea,Koh Lanta,7.1461,98.82398333
Hin Muang,Thailand,Andaman Sea,Koh Lanta,7.159416667,98.83131667
Ko Rok Nok,Thailand,Andaman Sea,Koh Lanta,7.2144,99.05395
Ko Rok Nai,Thailand,Andaman Sea,Koh Lanta,7.223816667,99.06135
The Emarald Cave,Thailand,Andaman Sea,Koh Lanta,7.375316667,99.27368333
Ko Yung,Thailand,Andaman Sea,Koh Phi Phi,7.81195,98.77211667
Ko See,Thailand,Andaman Sea,Koh Phi Phi,7.9311,98.80693333
Ko Yawabon,Thailand,Andaman Sea,Koh Phi Phi,7.945133333,98.77568333
Coral Gardens,Thailand,Andaman Sea,Koh Similan,8.48385,97.64925
Ko Yung Pinnacle,Thailand,Andaman Sea,Koh Phi Phi,7.821883333,98.77445
Hin Phae,Thailand,Andaman Sea,Koh Phi Phi,7.721883333,98.78633333
Ko Haa Yai  5 - The Cathedral,Thailand,Andaman Sea,Koh Lanta,7.423566667,98.89151667
Boulder City,Thailand,Andaman Sea,Koh Similan,8.50985,97.67031667
Eastern Shallows,Thailand,Andaman Sea,Koh Similan,8.4747,97.65193333
Shark Point,Thailand,Andaman Sea,Koh Phi Phi,7.633833333,98.81443333
Koh Hah,Thailand,Andaman Sea,Koh Phi Phi,7.9236,98.80383333
Koh Bida Nok,Thailand,Andaman Sea,Koh Phi Phi,7.653383333,98.76383333
Lohsamah Bay,Thailand,Andaman Sea,Koh Phi Phi,7.6719,98.76818333
Maya Cave,Thailand,Andaman Sea,Koh Phi Phi,7.677166667,98.75941667
Richelieu Rock,Thailand,Andaman Sea,Koh Surin,9.363707817,97.98362732
Ko Tachai,Thailand,Andaman Sea,Koh Surin,9.0576,97.81335
Ko Bon Pinnacle,Thailand,Andaman Sea,Koh Surin,8.83355,97.79746667
Ko Bon,Thailand,Andaman Sea,Koh Surin,8.8273,97.79515
Koh Kra,Thailand,Gulf of Thailand,Koh Samui,8.3813,100.7385
Ko Wao,Thailand,Gulf of Thailand,Koh Samui,9.7792,99.67175
Hin Yippon,Thailand,Gulf of Thailand,Koh Samui,9.800783333,99.714
Ao Cheweng,Thailand,Gulf of Thailand,Koh Samui,9.5372726,100.0719738
Samran Pinnacle,Thailand,Gulf of Thailand,Koh Samui,9.966233333,99.92018333
Hin Bai,Thailand,Gulf of Thailand,Koh Samui,9.947733333,99.98925
Shark Point,Thailand,Andaman Sea,Koh Phuket,7.8005,98.62693333
Anemone reef,Thailand,Andaman Sea,Koh Phuket,7.8077,98.62795
Coral Island,Thailand,Andaman Sea,Koh Phuket,7.74765,98.37481667
Rocky Point,Thailand,Andaman Sea,Koh Similan,8.476966667,97.65586667
Donald Duck Bay,Thailand,Andaman Sea,Koh Similan,8.667216667,97.64216667
Stonehenge,Thailand,Andaman Sea,Koh Similan,8.578783333,97.62771667
Kanpela Point,Thailand,Koh Phuket,Racha Islands,7.49735,98.32481667
Siam Bay,Thailand,Koh Phuket,Racha Islands,7.614316667,98.37158333
The Rock,Thailand,Koh Phuket,Racha Islands,7.539366667,98.34008333
Bungalow Bay,Thailand,Koh Phuket,Racha Islands,7.6117,98.36066667
Staghorn reef,Thailand,Koh Phuket,Racha Islands,7.60315,98.37873333
King Cruiser Wreck,Thailand,Andaman Sea,Koh Phuket,7.802466667,98.64331667
Koh Dok Mai,Thailand,Andaman Sea,Koh Phuket,7.796433334,98.53083333
Racha Yai Bay 3,Thailand,Koh Phuket,Racha Islands,7.59985,98.37436667
Northern Tip,Thailand,Koh Phuket,Racha Islands,7.52645,98.3345
Ray Bahn,Thailand,Koh Phuket,Racha Islands,7.463083333,98.30436667
Petchbury Bremen wreck,Thailand,Gulf of Thailand,Eastern Gulf,12.66088333,100.7499333
Ko Rin,Thailand,Gulf of Thailand,Eastern Gulf,12.79353333,100.6988833
Pak-1 wreck,Thailand,Gulf of Thailand,Eastern Gulf,12.09173333,101.6821833
HTMS Khram,Thailand,Gulf of Thailand,Eastern Gulf,12.93258333,100.6931833
Elephant Head,Thailand,Andaman Sea,Koh Similan,8.621671712,97.64133453
Shark Fin Reef,Thailand,Andaman Sea,Koh Similan,8.509214521,97.67377853
Fantasea Reef,Thailand,Andaman Sea,Koh Similan,8.656038763,97.63652802
North Point,Thailand,Andaman Sea,Koh Similan,8.68446346,97.64468193
Batu Belah,Indonesia,Bali,Amed,-8.315230556,115.6254139
Anchor Wreck,Indonesia,Bali,Menjangan island,-8.090427778,114.4983306
Dream Wall,Indonesia,Bali,Menjangan island,-8.091380556,114.5040611
Tanah Ampo Jetty,Indonesia,Bali,Amuk Bay,-8.507404723,115.5184206
Angel Canyon,Indonesia,Bali,Amuk Bay,-8.137066541,115.3918934
Pura Jepun,Indonesia,Bali,Amuk Bay,-8.506943817,115.5562377
Gondolreef,Indonesia,Bali,Pemuteran and Lovina,-8.14543566,114.7191954
Magic Forest,Indonesia,Bali,Pemuteran and Lovina,-8.146582683,114.7417259
Lenbongan bay,Indonesia,Bali,Nusa Penida,-8.6785,115.4383167
Submarine Reef,Indonesia,Bali,Bukit Peninsula,-8.795528,115.237115
Bias Tugal,Indonesia,Bali,Amuk Bay,-8.537424592,115.5091918
Japanese Wreck,Indonesia,Bali,Amed,-8.364212773,115.7003796
Padangbai Housereef,Indonesia,Bali,Amuk Bay,-8.533788191,115.5130219
Pyramids,Indonesia,Bali,Amed,-8.337176151,115.6606936
Napoleon Reef,Indonesia,Bali,Pemuteran and Lovina,-8.132016667,114.6743333
Geger Beach,Indonesia,Bali,Bukit Peninsula,-8.818004064,115.2245021
Nusa Dua Beach,Indonesia,Bali,Bukit Peninsula,-8.815592096,115.2267981
Channel Point,Indonesia,Bali,Sanur,-8.709227251,115.266763
Bunutan wall,Indonesia,Bali,Amed,-8.344267209,115.6757355
Seraya,Indonesia,Bali,Tulamben,-8.295200401,115.6116629
Peti,Indonesia,Bali,Menjangan island,-8.091203215,114.5175898
Tanjung Jipun,Indonesia,Bali,Amuk Bay,-8.525979113,115.5127859
Ghost Bay,Indonesia,Bali,Amed,-8.333877596,115.6439784
Padangbai Blue Lagoon,Indonesia,Bali,Amuk Bay,-8.529809401,115.5140841
Puri Jati,Indonesia,Bali,Seririt,-8.183561794,114.914149
Close Encounters,Indonesia,Bali,Pemuteran and Lovina,-8.128059983,114.6671391
Kubu,Indonesia,Bali,Tulamben,-8.251058333,115.57735
Alam Batu Housreef,Indonesia,Bali,Tulamben,-8.234097189,115.5630934
Canyons,Indonesia,Bali,Nusa Penida,-8.680221104,115.47369
Secret Bay,Indonesia,Bali,Gilimanuk,-8.167568377,114.4455242
Pemuteran house reef,Indonesia,Bali,Pemuteran and Lovina,-8.141739675,114.6552944
Taka Lebar,Indonesia,Bali,Pemuteran and Lovina,-8.120752627,114.6430206
Taka Menaum,Indonesia,Bali,Pemuteran and Lovina,-8.124151414,114.6534061
Taka Jaran,Indonesia,Bali,Pemuteran and Lovina,-8.128399857,114.6582127
Kisik Pegemetan,Indonesia,Bali,Pemuteran and Lovina,-8.119987896,114.6218204
Tanjung Gelap,Indonesia,Bali,Pemuteran and Lovina,-8.129419476,114.5608807
Cave Point,Indonesia,Bali,Menjangan island,-8.100359303,114.5175362
Temple Point,Indonesia,Bali,Menjangan island,-8.092106086,114.5265055
Bat Cave,Indonesia,Bali,Menjangan island,-8.096238027,114.5282865
Pos 1,Indonesia,Bali,Menjangan island,-8.095483871,114.502902
Coral Garden,Indonesia,Bali,Menjangan island,-8.091930823,114.5224822
Pos 2,Indonesia,Bali,Menjangan island,-8.098022502,114.5254755
Eel Garden,Indonesia,Bali,Menjangan island,-8.093476323,114.4973767
Kapal Budak,Indonesia,Bali,Menjangan island,-8.091049195,114.5021081
Lipah Bay,Indonesia,Bali,Amed,-8.348805206,115.682838
Jemeluk,Indonesia,Bali,Amed,-8.336772763,115.6624961
Emerald bay,Indonesia,Bali,Tulamben,-8.284217386,115.6039596
The River,Indonesia,Bali,Tulamben,-8.278728417,115.5957681
Selang south,Indonesia,Bali,Gili Selang,-8.401235147,115.7109904
Selang north,Indonesia,Bali,Gili Selang,-8.398963807,115.712074
Mimpang,Indonesia,Bali,Amuk Bay,-8.523559964,115.5769444
Gili Tepekong - Toilet Bowl,Indonesia,Bali,Amuk Bay,-8.531538853,115.5862141
Gili Tepekong - The Canyon,Indonesia,Bali,Amuk Bay,-8.532727184,115.5844975
Gili Biaha,Indonesia,Bali,Amuk Bay,-8.509723835,115.6144524
Blue Lagoon,Indonesia,Bali,Amuk Bay,-8.530047222,115.5135917
Batu Abah,Indonesia,Bali,Nusa Penida,-8.780709564,115.6305456
Batu Lumbung,Indonesia,Bali,Nusa Penida,-8.803632741,115.5269051
Batu Meling,Indonesia,Bali,Nusa Penida,-8.773075259,115.493989
Gamat,Indonesia,Bali,Nusa Penida,-8.700626394,115.468272
Crystal Bay,Indonesia,Bali,Nusa Penida,-8.715452409,115.4556012
Ceningan Channel,Indonesia,Bali,Nusa Penida,-8.684622547,115.4667485
Jangka Point,Indonesia,Bali,Nusa Penida,-8.664799738,115.4715657
Ental Point,Indonesia,Bali,Nusa Penida,-8.660535948,115.4481125
Sental,Indonesia,Bali,Nusa Penida,-8.675809004,115.524416
Buyuk,Indonesia,Bali,Nusa Penida,-8.673093839,115.5484486
Ped,Indonesia,Bali,Nusa Penida,-8.671667309,115.5039078
S D ,Indonesia,Bali,Nusa Penida,-8.671057453,115.4981196
Malibu Point,Indonesia,Bali,Nusa Penida,-8.730023327,115.605526
Manta Point,Indonesia,Bali,Nusa Penida,-8.763786643,115.4835606
Toyapakeh,Indonesia,Bali,Nusa Penida,-8.681652904,115.4831207
Batu Kelebit,Indonesia,Bali,Tulamben,-8.278022384,115.5985951
Coral Garden,Indonesia,Bali,Tulamben,-8.276525376,115.5942178
Tulamben Drop-off,Indonesia,Bali,Tulamben,-8.277884362,115.5971253
USAT Liberty Wreck,Indonesia,Bali,Tulamben,-8.274635529,115.5931503
Alor Divers Housereef,Indonesia,Alor Pantar,Tulamben,-8.211023094,124.3292391
Anemone City,Indonesia,Alor Pantar,Tulamben,-8.324628484,124.3327045
Regina s Reef,Indonesia,Central Java,Karimunjawa National Park,-5.826459071,110.386681
Intan Wreck,Indonesia,Central Java,Karimunjawa National Park,-4.406666667,106.6833333
Indonor Wreck,Indonesia,Central Java,Karimunjawa National Park,-5.7817,110.4625
Wodong Wreck,Indonesia,Flores,Flores,-8.607754288,122.4733543
Big Fish Country,Indonesia,Kalimantan,Maratua,2.258993218,118.6444473
Light House,Indonesia,Kalimantan,Maratua,2.314481449,118.5697746
Divers Delight,Indonesia,Kalimantan,Maratua,2.300073583,118.5899448
Turtle Parade,Indonesia,Kalimantan,Maratua,2.291154355,118.6013603
Turtle Bay,Indonesia,Kalimantan,Maratua,2.269713677,118.6194706
Sea Wall Garden,Indonesia,Kalimantan,Maratua,2.226488305,118.6654758
Small Fish Country,Indonesia,Kalimantan,Maratua,2.25882169,118.6373234
Paradise House Reef,Indonesia,Kalimantan,Maratua,2.24269797,118.5655689
Turtle Traffic,Indonesia,Kalimantan,Maratua,2.287552343,118.5569
Paradise Resort Jetty,Indonesia,Kalimantan,Maratua,2.240896905,118.5647964
Samama Channel,Indonesia,Kalimantan,Samama,2.124337642,118.3338261
Samama Mangroves,Indonesia,Kalimantan,Samama,2.140891492,118.326273
Sandy Ridge,Indonesia,Kalimantan,Sangalaki,1.888833333,118.436875
Manta Run,Indonesia,Kalimantan,Sangalaki,1.906373333,118.4377633
Sherwood Forest,Indonesia,Kalimantan,Sangalaki,1.919791667,118.4514183
Manta Parade,Indonesia,Kalimantan,Sangalaki,2.084195968,118.4003448
Manta Avenue,Indonesia,Kalimantan,Sangalaki,1.918331667,118.4747167
Eel Ridge,Indonesia,Kalimantan,Sangalaki,1.904068333,118.48511
Turtle Town,Indonesia,Kalimantan,Sangalaki,1.876415,118.4514933
Channel Entrance,Indonesia,Kalimantan,Sangalaki,1.875153333,118.4755317
Coral Gardens,Indonesia,Kalimantan,Sangalaki,1.873725,118.4684883
Jellyfish Lakes,Indonesia,Kalimantan,Maratua,2.203845937,118.5987854
Maratua Channel,Indonesia,Kalimantan,Maratua,2.253675841,118.6435032
Pulau Belambangan,Indonesia,Kalimantan,Maratua,1.793568392,118.9809036
Pulau Sambit,Indonesia,Kalimantan,Maratua,1.748957761,119.0176392
Lighthouse Reef,Indonesia,Kalimantan,Sangalaki,1.924305492,118.5445404
Blue light cave,Indonesia,Kalimantan,Kakaban,2.137374886,118.5302925
Jellyfish Lake,Indonesia,Kalimantan,Kakaban,2.153328204,118.5194778
Barracuda point,Indonesia,Kalimantan,Kakaban,2.135659465,118.5028267
Cauldron,Indonesia,Komodo island,Komodo Island,-8.460380816,119.5611298
Tanjung Rusa,Indonesia,Komodo island,Komodo Island,-8.393922234,119.2760754
Sebayor Kecil,Indonesia,Komodo island,Komodo Island,-8.511039562,119.6957231
Lighthouse,Indonesia,Komodo island,Komodo Island,-8.442912931,119.5838642
Cristal Rock,Indonesia,Komodo island,Komodo Island,-8.439251579,119.5664942
Gililawa Bay,Indonesia,Komodo island,Komodo Island,-8.486124868,119.5543385
Crinoid Canyon,Indonesia,Komodo island,Komodo Island,-8.810227398,119.6677423
Castle Rock,Indonesia,Komodo island,Komodo Island,-8.439702778,119.5701667
Cannibal Rock,Indonesia,Komodo island,Komodo Island,-8.788852778,119.6701139
Langkoi Rock,Indonesia,Komodo island,Komodo Island,-8.756,119.3838333
Yellow wall,Indonesia,Komodo island,Komodo Island,-8.794175247,119.674952
Frog Fish Point,Indonesia,Lombok,Northern Islands,-8.34833046,116.0873876
Mirko Reef,Indonesia,Lombok,Northern Islands,-8.351803971,116.0664368
Halik s reef,Indonesia,Lombok,Northern Islands,-8.337866155,116.0325873
Gili Nanggu,Indonesia,Lombok,Southwest,-8.719927671,116.009016
Tuang Slope,Indonesia,Lombok,Northern Islands,-8.32805,116.1538167
Blue Bay,Indonesia,Lombok,Northern Islands,-8.32955,116.1146667
Anker Point,Indonesia,Lombok,Northern Islands,-8.321466667,116.1227167
Air Wall,Indonesia,Lombok,Northern Islands,-8.362121668,116.0716724
Takat Malang,Indonesia,Lombok,Northern Islands,-8.3201,116.0985833
Lighthouse,Indonesia,Lombok,Southwest,-8.727372183,115.9676456
Gili Renggit East,Indonesia,Lombok,Southwest,-8.717806701,115.917778
Medan,Indonesia,Lombok,Southwest,-8.737828185,115.8909988
Gili Renggit West,Indonesia,Lombok,Southwest,-8.718485412,115.9131432
Bangko Bangko,Indonesia,Lombok,Southwest,-8.720182187,115.8535767
Manta Point,Indonesia,Lombok,Northern Islands,-8.358257871,116.0233498
Coral Fan,Indonesia,Lombok,Northern Islands,-8.335626292,116.0350657
Meno Wall,Indonesia,Lombok,Northern Islands,-8.351973812,116.0492492
Bounty Wreck,Indonesia,Lombok,Northern Islands,-8.358066803,116.0515881
Salut Dropoff,Indonesia,Lombok,East,-8.299234684,116.7232132
Meno Slope,Indonesia,Lombok,Northern Islands,-8.345763958,116.050247
Coral Arks,Indonesia,Lombok,Northern Islands,-8.345010277,116.0444641
Sunset Reef,Indonesia,Lombok,Northern Islands,-8.364032323,116.0391426
Deep Turbo,Indonesia,Lombok,Northern Islands,-8.336008449,116.0476398
Han s Reef,Indonesia,Lombok,Northern Islands,-8.3546,116.0886
Japanese Wreck,Indonesia,Lombok,Northern Islands,-8.376966667,116.0890667
Shark Point,Indonesia,Lombok,Northern Islands,-8.356729326,116.0264397
Batu Lompa,Indonesia,Maluku Islands,Ambon,-3.594575829,128.3554924
Blacktip Point,Indonesia,Maluku Islands,Maluku Islands,1.971291081,128.232035
Batu Kapal ,Indonesia,Maluku Islands,Maluku Islands,-4.485659842,129.9301831
Sangowo Reef,Indonesia,Maluku Islands,Maluku Islands,2.100416667,128.5665667
Air Terjun,Indonesia,Maluku Islands,Maluku Islands,1.691333333,127.5362667
Cape Paperu House Reef,Indonesia,Maluku Islands,Maluku Islands,-3.591750948,128.6645794
Batu Palau,Indonesia,Maluku Islands,Maluku Islands,-3.623959326,128.6408043
Eagle Rock,Indonesia,Maluku Islands,Maluku Islands,-3.628119492,128.6402893
Molana Beach,Indonesia,Maluku Islands,Maluku Islands,-3.640454256,128.5984039
Molana Layang Kecil,Indonesia,Maluku Islands,Maluku Islands,-3.650733097,128.6011505
Shark Cave-Haruku,Indonesia,Maluku Islands,Maluku Islands,-3.617840394,128.5407257
Tanjung Burung-Haruku,Indonesia,Maluku Islands,Maluku Islands,-3.610393684,128.5462189
Tanjung Abora-Haruku,Indonesia,Maluku Islands,Maluku Islands,-3.604117615,128.5546303
Pohen Kering-Molana,Indonesia,Maluku Islands,Maluku Islands,-3.643195292,128.6135101
Ahmed,Indonesia,Maluku Islands,Maluku Islands,-3.644206045,128.8028526
Gunggung Kecil-Nusa Laut,Indonesia,Maluku Islands,Maluku Islands,-3.655963838,128.8090324
Pier,Indonesia,Maluku Islands,Maluku Islands,-3.642461493,128.789978
Hukurila Canyon,Indonesia,Maluku Islands,Ambon,-3.736541088,128.2515407
Shipwreck,Indonesia,Maluku Islands,Ambon,-3.665830286,128.171466
Maluku Divers House Reef,Indonesia,Maluku Islands,Ambon,-3.78208335,128.1164861
Tanjung Hukurila,Indonesia,Maluku Islands,Ambon,-3.7438961,128.2412517
Pulau Tiga,Indonesia,Maluku Islands,Ambon,-3.669668696,127.9103851
Laha,Indonesia,Maluku Islands,Ambon,-3.705750009,128.1036866
Air Manis,Indonesia,Maluku Islands,Ambon,-3.719325624,128.0909944
Nomad Divers Bangka House Reef,Indonesia,Sulawesi,Bangka,1.767665737,125.1606847
Aringkambin,Indonesia,Sulawesi,Bangka,1.769237098,125.1764635
Thalassa House Reef,Indonesia,Sulawesi,Manado,1.533627018,124.8323216
Soleman point,Indonesia,Sulawesi,Manado,1.556388889,124.8036111
Ibu s secret garden,Indonesia,Sulawesi,Manado,1.586388889,124.8197222
Bianca,Indonesia,Sulawesi,Lembeh Strait,1.459420197,125.2211702
Whale bones,Indonesia,Sulawesi,Manado,1.409154633,124.6980375
Tasik Ria Pier,Indonesia,Sulawesi,Manado,1.413391238,124.7060037
Wallet,Indonesia,Sulawesi,Manado,1.405592037,124.6835992
Tanjung Kalapa,Indonesia,Sulawesi,Manado,1.416481185,124.6290886
Serena Patah,Indonesia,Sulawesi,Lembeh Strait,1.455558374,125.2270952
Kuda Laut,Indonesia,Sulawesi,Lembeh Strait,1.479982934,125.2314618
Kungkungan house reef,Indonesia,Sulawesi,Lembeh Strait,1.464774824,125.2303353
45 Bananas,Indonesia,Sulawesi,Manado,1.444346015,124.7417414
Tasik Ria House reef,Indonesia,Sulawesi,Manado,1.419977714,124.6993196
Pygmy Point,Indonesia,Sulawesi,Manado,1.424096318,124.7043407
Lumba Lumba house reef,Indonesia,Sulawesi,Manado,1.42464332,124.7179234
Aer Bajo 2,Indonesia,Sulawesi,Lembeh Strait,1.476136139,125.2509057
Aer Bajo 3,Indonesia,Sulawesi,Lembeh Strait,1.476839717,125.2510452
Critter Hunt,Indonesia,Sulawesi,Lembeh Strait,1.436423667,125.2092574
Hoga Chanel,Indonesia,Sulawesi,Wakatobi,-5.478488312,123.7594628
Tinabo Island,Indonesia,Sulawesi,Takabonerate National Park,-6.574574606,121.0995483
Walea House Reef,Indonesia,Sulawesi,Togian Islands,-0.369412724,122.3773956
Starship,Indonesia,Sulawesi,Wakatobi,-5.789188957,123.8435555
Fan Garden,Indonesia,Sulawesi,Wakatobi,-5.781845117,123.8514519
Batfish Wall,Indonesia,Sulawesi,Wakatobi,-5.776550662,123.8602066
Fan 38 West,Indonesia,Sulawesi,Wakatobi,-5.791921524,123.8838959
Fan 38 East,Indonesia,Sulawesi,Wakatobi,-5.795337214,123.8929939
Labasong,Indonesia,Manado,Bunaken,1.603559605,124.7660635
BMJ,Indonesia,Sulawesi,Manado,1.440808409,124.7412154
Wandoka Point,Indonesia,Sulawesi,Wakatobi,-5.299788,123.521134
Manado concrete reef,Indonesia,Sulawesi,Manado,1.462001432,124.7918612
Spiral Corner,Indonesia,Sulawesi,Wakatobi,-5.777660794,123.8775444
Magnifica,Indonesia,Sulawesi,Wakatobi,-5.770006533,123.8695621
Dunia Baru,Indonesia,Sulawesi,Wakatobi,-5.763485101,123.8920498
Waitii Ridge,Indonesia,Sulawesi,Wakatobi,-5.759642232,123.8933372
Koilo-Soha Beach,Indonesia,Sulawesi,Wakatobi,-5.741452298,123.8923073
Teluk Waitii,Indonesia,Sulawesi,Wakatobi,-5.749394453,123.8956547
Gunung Waha,Indonesia,Sulawesi,Wakatobi,-5.71480684,123.8978863
Ali Reef,Indonesia,Sulawesi,Wakatobi,-5.714123607,123.9024353
Eel Valley,Indonesia,Sulawesi,Wakatobi,-5.714294415,123.9067268
Muka kuala,Indonesia,Sulawesi,Kalinaun bay,1.616771195,125.1466477
Hitam putih,Indonesia,Sulawesi,Kalinaun bay,1.607333556,125.1446199
Canyon,Indonesia,Sulawesi,Kalinaun bay,1.63785558,125.164876
Henri point,Indonesia,Sulawesi,Kalinaun bay,1.635442576,125.1617002
Annie point,Indonesia,Sulawesi,Kalinaun bay,1.637319357,125.162816
Tanjung bintang,Indonesia,Sulawesi,Kalinaun bay,1.634380854,125.1596403
Garim reef,Indonesia,Sulawesi,Kalinaun bay,1.639051356,125.1626658
Batu pendeta,Indonesia,Sulawesi,Kalinaun bay,1.677385519,125.179553
Batu punteng,Indonesia,Sulawesi,Kalinaun bay,1.60125269,125.1651978
Teluk Maya,Indonesia,Sulawesi,Wakatobi,-5.798752884,123.9190865
Malabea,Indonesia,Sulawesi,Wakatobi,-5.800119146,123.9242363
Barracuda,Indonesia,Sulawesi,Wakatobi,-5.784278842,123.9189148
The Zoo,Indonesia,Sulawesi,Wakatobi,-5.782015905,123.9123917
Conchita,Indonesia,Sulawesi,Wakatobi,-5.780541434,123.9068985
Waha Top,Indonesia,Sulawesi,Wakatobi,-5.718052186,123.929472
Kulati Wreck,Indonesia,Sulawesi,Wakatobi,-5.755970132,123.9992523
Mermaid,Indonesia,Sulawesi,Wakatobi,-5.83700697,123.8978004
Fish Wall,Indonesia,Sulawesi,Wakatobi,-5.897798262,123.9757347
Bigfish housereef,Indonesia,Sulawesi,Manado,1.461816956,124.8203087
Pieter s Point,Indonesia,Sulawesi,Manado,1.60019095,124.8442769
Gabet,Indonesia,Sulawesi,Manado,1.57101969,124.8015976
Masuk II,Indonesia,Sulawesi,Manado,1.580865036,124.8112965
Bolung Point,Indonesia,Sulawesi,Manado,1.604652401,124.8633742
Wori Bay,Indonesia,Sulawesi,Manado,1.606411239,124.8669147
Katarina Point,Indonesia,Sulawesi,Manado,1.617243076,124.869318
Black Rock,Indonesia,Sulawesi,Manado,1.589766562,124.8241925
Sahaung,Indonesia,Sulawesi,Bangka,1.748957761,125.1598549
Yuki Point,Indonesia,Sulawesi,Bangka,1.678071871,125.1382899
Magic Rock,Indonesia,Sulawesi,Lembeh Strait,1.489359471,125.2410507
Tjendrawasih Barge Wreck,Indonesia,Sulawesi,Gorontalo,0.495923526,123.0709076
City Limit,Indonesia,Sulawesi,Gorontalo,0.480603304,123.0863571
Tanjung Pasir,Indonesia,Sulawesi,Gorontalo,0.485881704,122.9909134
West Point,Indonesia,Sulawesi,Gorontalo,0.486225014,122.9773521
Liabale,Indonesia,Sulawesi,Wakatobi,-5.809341329,123.9467239
Polytechnic Housereef,Indonesia,Sulawesi,Manado,1.452662856,124.7475243
TNI AL-Miori Housereef,Indonesia,Sulawesi,Manado,1.464219432,124.7861373
Jayamahe,Indonesia,Sulawesi,Manado,1.474440651,124.8269069
Blade,Indonesia,Sulawesi,Wakatobi,-5.771085366,123.7784958
Pinki s Wall,Indonesia,Sulawesi,Wakatobi,-5.800119146,123.8317108
Table Coral City,Indonesia,Sulawesi,Wakatobi,-5.751956415,123.8923931
Galaxy,Indonesia,Sulawesi,Wakatobi,-5.793287803,123.8385773
Tanjung tanduk,Indonesia,Sulawesi,Balantak peninsula,-0.837334389,123.4410095
Batu Tetek,Indonesia,Sulawesi,Balantak peninsula,-0.763698851,123.4537125
Rons Point,Indonesia,Manado,Bunaken,1.607097614,124.7391558
Jiko Yance,Indonesia,Sulawesi,Lembeh Strait,1.528870792,125.2773893
Pulau Abadi,Indonesia,Sulawesi,Lembeh Strait,1.438274703,125.2127481
Kapal Indah,Indonesia,Sulawesi,Lembeh Strait,1.434107859,125.2060694
Goby A  Crab,Indonesia,Sulawesi,Lembeh Strait,1.432492,125.188455
Teluk Kembahu 3,Indonesia,Sulawesi,Lembeh Strait,1.492717,125.237536
Teluk Kembahu 1,Indonesia,Sulawesi,Lembeh Strait,1.495243,125.240052
Nudi Retreat,Indonesia,Sulawesi,Lembeh Strait,1.486544101,125.2410775
Batu sandar,Indonesia,Sulawesi,Lembeh Strait,1.505447229,125.267272
Teluk Kembahu 2,Indonesia,Sulawesi,Lembeh Strait,1.494679,125.238476
Hairball One,Indonesia,Sulawesi,Lembeh Strait,1.502065953,125.2426768
Hairball Two,Indonesia,Sulawesi,Lembeh Strait,1.500419976,125.2421691
Aw Shucks,Indonesia,Sulawesi,Lembeh Strait,1.505946,125.246202
Makawide,Indonesia,Sulawesi,Lembeh Strait,1.482559676,125.2395916
Jahir,Indonesia,Sulawesi,Lembeh Strait,1.473057089,125.2353215
Three Brothers Rock,Indonesia,Sulawesi,Bangka,1.764485814,125.1675797
Yellow koko,Indonesia,Sulawesi,Bangka,1.676763514,125.1267672
Tg  Sampini,Indonesia,Sulawesi,Bangka,1.685814753,125.1514435
Batu Mandi,Indonesia,Sulawesi,Bangka,1.687986401,125.1616788
Blue bay I,Indonesia,Sulawesi,Bangka,1.745354548,125.1538467
Simone point,Indonesia,Sulawesi,Bangka,1.684613643,125.1515722
Busa Bora,Indonesia,Sulawesi,Bangka,1.762341063,125.1287842
Sachikos point,Indonesia,Manado,Bunaken,1.628237869,124.7666645
Oluhuta,Indonesia,Sulawesi,Gorontalo,0.419622485,123.1446362
Traffic Jam,Indonesia,Sulawesi,Gorontalo,0.407048616,123.1530905
Jinn Caves,Indonesia,Sulawesi,Gorontalo,0.405761188,123.1551075
J   R  Macro,Indonesia,Sulawesi,Gorontalo,0.439448816,123.1312037
Goa - Goa,Indonesia,Sulawesi,Gorontalo,0.486310842,122.9759789
Tanjung Pasir  Kayu Bulan ,Indonesia,Sulawesi,Gorontalo,0.484905415,122.9893792
Japanese Cargo Wreck,Indonesia,Sulawesi,Gorontalo,0.486546868,123.0823445
Makhruzi,Indonesia,Sulawesi,Gorontalo,0.44736646,123.1218266
Lembeh Resort House Reef,Indonesia,Sulawesi,Lembeh Strait,1.456985183,125.2422309
Mari Mabuk,Indonesia,Sulawesi,Wakatobi,-5.71984566,123.891921
Bunaken Timur 2,Indonesia,Manado,Bunaken,1.607054716,124.7822857
Bunaken Timur 1,Indonesia,Manado,Bunaken,1.613403679,124.7831547
Siladen Pier,Indonesia,Manado,Bunaken,1.627430556,124.8000444
Roma,Indonesia,Sulawesi,Wakatobi,-5.729837764,123.8928223
Cornucopia,Indonesia,Sulawesi,Wakatobi,-5.773561835,123.862524
Tanjung Patok,Indonesia,Sulawesi,Wakatobi,-5.769121262,123.891964
House Reef,Indonesia,Sulawesi,Wakatobi,-5.776038293,123.8942814
Prince John Housereef,Indonesia,Sulawesi,Donggala,-0.646119728,119.7384453
Siladen Housereef,Indonesia,Manado,Bunaken,1.626573424,124.8009968
Dalton Point,Indonesia,Manado,Bunaken,1.631592489,124.7740459
Lekuan II,Indonesia,Manado,Bunaken,1.601220516,124.7651196
Lekuan III,Indonesia,Manado,Bunaken,1.605330199,124.7670937
Cela Cela,Indonesia,Manado,Bunaken,1.611768179,124.7679573
Alung Banua,Indonesia,Manado,Bunaken,1.616663949,124.7531891
Fukui Point,Indonesia,Manado,Bunaken,1.608427466,124.7403145
Tenga,Indonesia,Manado,Bunaken,1.616483779,124.730916
Raymond Point,Indonesia,Manado,Bunaken,1.627131098,124.7336197
Mike s Point,Indonesia,Manado,Bunaken,1.636826032,124.7397137
Tanjun Parigi,Indonesia,Manado,Bunaken,1.628139202,124.7593904
Muka Gereja,Indonesia,Manado,Bunaken,1.61644088,124.6948028
Negri,Indonesia,Manado,Bunaken,1.622948535,124.7142649
Panggulingan,Indonesia,Manado,Bunaken,1.645,124.71015
Tanjung Kopi,Indonesia,Manado,Bunaken,1.65196891,124.6970987
Cape Bira,Indonesia,Sulawesi,Bunaken,-5.624527628,120.4740143
Bunaken Fukui,Indonesia,Manado,Bunaken,1.611902778,124.7391694
Nudi Falls,Indonesia,Sulawesi,Lembeh Strait,1.462095815,125.2283478
Pantai Parigi,Indonesia,Sulawesi,Lembeh Strait,1.4698,125.2447
Tanduk Russa,Indonesia,Sulawesi,Lembeh Strait,1.458083333,125.2198833
Divers Loge Lembeh House Reef,Indonesia,Sulawesi,Lembeh Strait,1.406521771,125.1687115
Serena,Indonesia,Sulawesi,Lembeh Strait,1.459366667,125.2338167
Police Pier,Indonesia,Sulawesi,Lembeh Strait,1.459925641,125.2224987
Air Prang,Indonesia,Sulawesi,Lembeh Strait,1.475583333,125.23495
B24 Liberator,Indonesia,Sulawesi,Togian Islands,-0.430093541,122.0085812
Angel s Window,Indonesia,Sulawesi,Lembeh Strait,1.50003103,125.2611727
Una Una - Apollo,Indonesia,Sulawesi,Togian Islands,-0.202983333,121.5683833
Una Una - The Pinnacle,Indonesia,Sulawesi,Togian Islands,-0.1843,121.6544333
Tapuan I and II,Indonesia,Sulawesi,Togian Islands,-0.594033333,121.6162667
Pasir Tengah Atoll,Indonesia,Sulawesi,Togian Islands,-0.405133333,121.6373833
Mandolin,Indonesia,Manado,Bunaken,1.610958472,124.7325468
Muka Kampung,Indonesia,Manado,Bunaken,1.593305712,124.7789276
Pangalisang,Indonesia,Manado,Bunaken,1.599424137,124.7829133
Lekuan I,Indonesia,Manado,Bunaken,1.5962121,124.7676194
Siladen Utara,Indonesia,Manado,Bunaken,1.640343651,124.8021126
Siladen Timur,Indonesia,Manado,Bunaken,1.627592252,124.8054063
Tangkasi,Indonesia,Manado,Bunaken,1.735145407,124.7747326
Bango,Indonesia,Manado,Bunaken,1.689160698,124.7684669
Gorango,Indonesia,Manado,Bunaken,1.699198499,124.7410011
Barracuda point,Indonesia,Manado,Bunaken,1.748614598,124.7259808
Batu Kapal,Indonesia,Manado,Bunaken,1.769032677,124.7693253
Jalan Masuk,Indonesia,Manado,Bunaken,1.762169482,124.8009109
Tanjung Pisok,Indonesia,Sulawesi,Manado,1.567780797,124.798615
Tanjung Tihowo,Indonesia,Sulawesi,Manado,1.605767762,124.8542976
Poopoh,Indonesia,Sulawesi,Manado,1.410570683,124.6344638
Critter Circus,Indonesia,Sulawesi,Manado,1.416298138,124.7024846
Molas Wreck,Indonesia,Sulawesi,Manado,1.531251745,124.8269606
Bimoli wreck,Indonesia,Sulawesi,Lembeh Strait,1.43595,125.1775
Batu Kapal,Indonesia,Sulawesi,Lembeh Strait,1.553441664,125.2942121
California Dreaming,Indonesia,Sulawesi,Lembeh Strait,1.522231997,125.2759945
Pulau Putus,Indonesia,Sulawesi,Lembeh Strait,1.523647703,125.2767134
Mawali Wreck,Indonesia,Sulawesi,Lembeh Strait,1.4463,125.2256
Karang Serang,Indonesia,Sumatra,Sumatra,-6.10919206,105.4403615
Memperak Slope,Indonesia,Sumatra,Pulau Belitung,-2.714332198,108.4305326
Sumpat Reef,Indonesia,Sumatra,Riau Islands,1.197598382,104.5247275
Tanjung Berakit,Indonesia,Sumatra,Riau Islands,1.243249949,104.5691878
Todang,Indonesia,Sumatra,Riau Islands,1.183611,104.319442
Ujong Phe Coral Garden,Indonesia,Sumatra,Sumatra,5.60652562,95.1883471
Red Bonsai,Indonesia,Sumatra,Sumatra,5.583354959,95.20065308
Palau Pagang Utara,Indonesia,Sumatra,Padang,-1.14799447,100.3374481
Adjis Reef,Indonesia,Sumatra,Padang,-1.216644398,100.2694702
Palau Marak Utara,Indonesia,Sumatra,Padang,-1.18875557,100.3417826
Palau Pagang Selatan,Indonesia,Sumatra,Padang,-1.165843614,100.3455162
Cubadak Pier,Indonesia,Sumatra,Padang,-1.217287983,100.4012203
Lhok Mata Ie,Indonesia,Sumatra,Sumatra,5.571908101,95.22511482
Pulau Batee,Indonesia,Sumatra,Sumatra,5.581988182,95.21086693
Pulau Tuan,Indonesia,Sumatra,Sumatra,5.565159475,95.25039196
Sophie Rickmers Wreck,Indonesia,Sumatra,Pulau Weh,5.846399315,95.29781342
Batee Meuduro,Indonesia,Sumatra,Pulau Weh,5.771896624,95.33074021
Tugboat Wreck,Indonesia,Sumatra,Pulau Weh,5.881235,95.31858444
The Canyon,Indonesia,Sumatra,Pulau Weh,5.903155604,95.21464348
Batee Tokong,Indonesia,Sumatra,Pulau Weh,5.898075736,95.25223196
Tongkeng Reef,Indonesia,West Java,Seribu islands,-5.590324039,106.5412411
House Reef of Putri,Indonesia,West Java,Seribu islands,-5.59382635,106.5670332
Triton point,Indonesia,West Java,Seribu islands,-5.602624745,106.5449318
Matahari island,Indonesia,West Java,Seribu islands,-5.607034571,106.5438804
Mia Point,Indonesia,West Java,Seribu islands,-5.572929632,106.5570769
Aydin Reef,Indonesia,West Java,Seribu islands,-5.588839822,106.5895853
Sepa island,Indonesia,West Java,Seribu islands,-5.577222222,106.5799722
Kedondong,Indonesia,West Java,West Java,-5.93817981,105.8590221
Gunung Gede,Indonesia,West Java,West Java,-5.959465729,105.8474886
Batu Mandi,Indonesia,West Java,West Java,-5.979483884,105.8505142
Tempuyungan,Indonesia,West Java,West Java,-5.966948792,105.8670044
Victory Wreck,Indonesia,West Java,West Java,-5.972547505,105.8627155
Tanjung Bajo,Indonesia,West Java,West Java,-5.94526015,105.8606207
Pulau Sanghyang,Indonesia,West Java,West Java,-5.962207598,105.8653334
Suralaya Wall,Indonesia,West Java,West Java,-5.87710478,106.0407686
Heaven Alley,Indonesia,West Timor   Rote Island,West Timor,-9.25573367,123.9988918
North Slope,Indonesia,West Timor   Rote Island,West Timor,-10.95376627,122.876913
Conservation House Reef,Indonesia,Irian Jaya,Triton Bay,-3.908366479,134.1150963
Aquarium,Indonesia,Irian Jaya,Triton Bay,-3.914650453,134.1027319
Pintu Arus,Indonesia,Irian Jaya,Triton Bay,-3.913816982,134.0998952
3 Rocks,Indonesia,Irian Jaya,Triton Bay,-3.909004532,134.079253
Stumpy Rock,Indonesia,Irian Jaya,Triton Bay,-3.918209816,133.9893453
Macro Rock,Indonesia,Irian Jaya,Triton Bay,-3.923296227,134.1045301
Dramai,Indonesia,Irian Jaya,Triton Bay,-4.041362384,134.2362802
Cristmas Rock,Indonesia,Irian Jaya,Triton Bay,-4.01046538,134.2036259
Larry s Heaven,Indonesia,Irian Jaya,Triton Bay,-4.014709292,134.1585605
Fresh Waters,Indonesia,Irian Jaya,Triton Bay,-3.930290705,134.1734028